{
  "builtin_entity_scope": [],
  "config": {
    "unit_name": "tfidf_vectorizer",
    "use_stemming": false,
    "word_clusters_name": null
  },
  "language_code": "en",
  "vectorizer": {
    "idf_diag": [
      2.9054187877005764,
      4.4094961844768505,
      4.4094961844768505,
      4.4094961844768505,
      3.3978952727983707,
      4.186352633162641,
      4.186352633162641,
      4.4094961844768505,
      4.697178256928631,
      4.4094961844768505,
      2.6602963296675917,
      4.697178256928631,
      4.4094961844768505,
      4.697178256928631,
      3.5985659682605218,
      4.697178256928631,
      4.4094961844768505,
      3.310883895808741,
      4.697178256928631,
      4.4094961844768505,
      4.4094961844768505,
      4.186352633162641,
      4.4094961844768505,
      4.186352633162641,
      4.697178256928631,
      4.4094961844768505,
      4.186352633162641,
      4.4094961844768505,
      2.499953679592412,
      3.4932054526026954,
      4.4094961844768505,
      2.7047480922384253
    ],
    "vocab": {
      "a": 0,
      "an": 1,
      "blue": 2,
      "but": 3,
      "call": 4,
      "cat": 5,
      "chocolat": 6,
      "circle": 7,
      "cube": 8,
      "dog": 9,
      "entityfeatureobject": 10,
      "going": 11,
      "green": 12,
      "instead": 13,
      "it": 14,
      "longer": 15,
      "no": 16,
      "now": 17,
      "phoenix": 18,
      "plip": 19,
      "plop": 20,
      "re": 21,
      "red": 22,
      "rename": 23,
      "replace": 24,
      "round": 25,
      "s": 26,
      "sauerkraut": 27,
      "the": 28,
      "to": 29,
      "triangle": 30,
      "we": 31
    }
  }
}