{
  "builtin_entity_scope": [],
  "config": {
    "unit_name": "tfidf_vectorizer",
    "use_stemming": true,
    "word_clusters_name": null
  },
  "language_code": "fr",
  "vectorizer": {
    "idf_diag": [
      3.3978952727983707,
      2.428494715610267,
      4.186352633162641,
      3.310883895808741,
      4.4094961844768505,
      4.4094961844768505,
      4.4094961844768505,
      4.697178256928631,
      4.697178256928631,
      3.3978952727983707,
      2.751268107873318,
      3.849880396541428,
      2.6177367152487956,
      3.1567332159814825,
      3.2308411881352046,
      4.697178256928631,
      3.3978952727983707,
      4.4094961844768505,
      4.697178256928631,
      2.6602963296675917,
      3.1567332159814825,
      4.004031076368686,
      4.697178256928631,
      4.697178256928631,
      3.849880396541428,
      4.697178256928631,
      3.310883895808741,
      4.4094961844768505,
      2.962577201540525,
      4.697178256928631,
      4.4094961844768505
    ],
    "vocab": {
      "appel": 0,
      "avoir": 1,
      "bleu": 2,
      "ca": 3,
      "cercl": 4,
      "chat": 5,
      "chien": 6,
      "choucroute": 7,
      "cube": 8,
      "en": 9,
      "entityfeatureobject": 10,
      "felix": 11,
      "je": 12,
      "la": 13,
      "le": 14,
      "lieu": 15,
      "mainten": 16,
      "mais": 17,
      "n": 18,
      "on": 19,
      "pas": 20,
      "phenix": 21,
      "plip": 22,
      "plop": 23,
      "renomm": 24,
      "rond": 25,
      "tair": 26,
      "triangl": 27,
      "un": 28,
      "utilis": 29,
      "vert": 30
    }
  }
}