{
  "builtin_entity_scope": [],
  "config": {
    "unit_name": "tfidf_vectorizer",
    "use_stemming": true,
    "word_clusters_name": null
  },
  "language_code": "fr",
  "vectorizer": {
    "idf_diag": [
      3.751535313041949,
      4.850147601710058,
      2.7298840655099674,
      4.339321977944068,
      4.562465529258278,
      4.157000421150113,
      4.339321977944068,
      4.157000421150113,
      4.562465529258278,
      4.562465529258278,
      3.751535313041949,
      2.904237452654745,
      2.2351878236738605,
      2.2110902720948,
      3.8693183486983322,
      3.3097025607629096,
      2.904237452654745,
      2.8577174370198524,
      4.850147601710058,
      3.751535313041949,
      4.562465529258278,
      3.8693183486983322,
      3.176171168138387,
      4.850147601710058,
      2.953027616824177,
      3.8693183486983322,
      3.8693183486983322,
      4.339321977944068,
      4.339321977944068,
      4.339321977944068,
      4.339321977944068,
      4.562465529258278,
      4.157000421150113,
      2.6906633523566863,
      4.850147601710058,
      4.562465529258278
    ],
    "vocab": {
      "appel": 0,
      "au": 1,
      "avoir": 2,
      "bleu": 3,
      "cercl": 4,
      "chat": 5,
      "cheval": 6,
      "chien": 7,
      "choucroute": 8,
      "cube": 9,
      "en": 10,
      "entityfeaturegender": 11,
      "entityfeatureobject": 12,
      "etre": 13,
      "felix": 14,
      "feminin": 15,
      "je": 16,
      "le": 17,
      "lieu": 18,
      "mainten": 19,
      "mais": 20,
      "masculin": 21,
      "mot": 22,
      "n": 23,
      "on": 24,
      "par": 25,
      "phenix": 26,
      "plip": 27,
      "plop": 28,
      "remplac": 29,
      "renomm": 30,
      "rond": 31,
      "triangl": 32,
      "un": 33,
      "utilis": 34,
      "vert": 35
    }
  }
}